Player_Info,Player_Info,Player_Info,Player_Info,Player_Info,Restricted Area,Restricted Area,Restricted Area,In The Paint (Non-RA),In The Paint (Non-RA),In The Paint (Non-RA),Mid-Range,Mid-Range,Mid-Range,Left Corner 3,Left Corner 3,Left Corner 3,Right Corner 3,Right Corner 3,Right Corner 3,Above the Break 3,Above the Break 3,Above the Break 3,Backcourt,Backcourt,Backcourt
PLAYER_ID,PLAYER_NAME,TEAM_ID,TEAM_ABBREVIATION,AGE,FGM,FGA,FG_PCT,FGM,FGA,FG_PCT,FGM,FGA,FG_PCT,FGM,FGA,FG_PCT,FGM,FGA,FG_PCT,FGM,FGA,FG_PCT,FGM,FGA,FG_PCT
2062,A.J. Guyton,1610612741,CHI,24.0,15,27,0.556,5.0,15.0,0.333,22,79,0.278,2.0,7.0,0.286,4.0,17.0,0.235,39,97,0.402,0.0,1.0,0.0
243,Aaron McKie,1610612755,PHI,29.0,61,94,0.649,22.0,62.0,0.355,86,206,0.417,20.0,27.0,0.741,9.0,20.0,0.45,22,80,0.275,0.0,1.0,0.0
1425,Aaron Williams,1610612751,NJN,30.0,140,217,0.645,57.0,134.0,0.425,34,86,0.395,0.0,0.0,0.0,0.0,0.0,0.0,0,1,0.0,0.0,1.0,0.0
1502,Adonal Foyle,1610612744,GSW,27.0,94,171,0.55,57.0,162.0,0.352,20,52,0.385,0.0,0.0,0.0,0.0,0.0,0.0,0,0,0.0,0.0,0.0,0.0
1559,Adrian Griffin,1610612742,DAL,27.0,85,122,0.697,31.0,61.0,0.508,47,122,0.385,7.0,14.0,0.5,6.0,14.0,0.429,3,24,0.125,0.0,2.0,0.0
1733,Al Harrington,1610612754,IND,22.0,95,161,0.59,49.0,109.0,0.45,85,211,0.403,0.0,1.0,0.0,0.0,0.0,0.0,1,2,0.5,0.0,0.0,0.0
673,Alan Henderson,1610612737,ATL,29.0,47,72,0.653,6.0,24.0,0.25,5,19,0.263,0.0,0.0,0.0,0.0,0.0,0.0,1,1,1.0,0.0,0.0,0.0
275,Allan Houston,1610612752,NYK,31.0,50,126,0.397,47.0,104.0,0.452,335,725,0.462,9.0,32.0,0.281,16.0,41.0,0.39,111,273,0.407,0.0,0.0,0.0
947,Allen Iverson,1610612755,PHI,27.0,231,410,0.563,74.0,221.0,0.335,282,770,0.366,8.0,20.0,0.4,4.0,5.0,0.8,66,243,0.272,0.0,0.0,0.0
297,Alonzo Mourning,1610612748,MIA,32.0,239,338,0.707,85.0,212.0,0.401,122,313,0.39,0.0,0.0,0.0,1.0,1.0,1.0,0,2,0.0,0.0,0.0,0.0
2228,Alton Ford,1610612756,PHX,21.0,41,69,0.594,6.0,18.0,0.333,14,31,0.452,0.0,0.0,0.0,0.0,0.0,0.0,0,0,0.0,0.0,0.0,0.0
2264,Alvin Jones,1610612755,PHI,23.0,6,12,0.5,0.0,0.0,0.0,2,8,0.25,0.0,0.0,0.0,0.0,0.0,0.0,0,0,0.0,,,
1541,Alvin Williams,1610612761,TOR,27.0,97,190,0.511,43.0,82.0,0.524,201,506,0.397,3.0,11.0,0.273,13.0,24.0,0.542,46,156,0.295,0.0,2.0,0.0
1043,Amal McCaskill,1610612759,SAS,28.0,12,23,0.522,3.0,9.0,0.333,5,17,0.294,0.0,0.0,0.0,0.0,0.0,0.0,0,0,0.0,0.0,0.0,0.0
1889,Andre Miller,1610612739,CLE,26.0,156,280,0.557,97.0,220.0,0.441,199,458,0.434,2.0,3.0,0.667,0.0,5.0,0.0,20,69,0.29,0.0,10.0,0.0
1905,Andrei Kirilenko,1610612762,UTA,21.0,224,378,0.593,11.0,49.0,0.224,26,107,0.243,3.0,10.0,0.3,1.0,15.0,0.067,20,74,0.27,0.0,0.0,0.0
692,Andrew DeClercq,1610612753,ORL,29.0,50,97,0.515,11.0,33.0,0.333,6,19,0.316,0.0,0.0,0.0,0.0,0.0,0.0,0,0,0.0,0.0,0.0,0.0
358,Anfernee Hardaway,1610612756,PHX,30.0,144,264,0.545,82.0,199.0,0.412,140,385,0.364,1.0,6.0,0.167,0.0,10.0,0.0,22,66,0.333,0.0,1.0,0.0
1738,Ansu Sesay,1610612760,SEA,25.0,9,15,0.6,2.0,6.0,0.333,11,23,0.478,0.0,0.0,0.0,0.0,0.0,0.0,0,0,0.0,0.0,0.0,0.0
1712,Antawn Jamison,1610612744,GSW,26.0,274,408,0.672,141.0,368.0,0.383,131,388,0.338,8.0,18.0,0.444,8.0,27.0,0.296,52,163,0.319,0.0,3.0,0.0
1853,Anthony Carter,1610612748,MIA,27.0,30,52,0.577,7.0,38.0,0.184,51,151,0.338,0.0,1.0,0.0,0.0,1.0,0.0,1,13,0.077,0.0,4.0,0.0
1533,Anthony Johnson,1610612751,NJN,27.0,14,26,0.538,6.0,11.0,0.545,13,41,0.317,0.0,1.0,0.0,1.0,4.0,0.25,3,7,0.429,,,
193,Anthony Mason,1610612749,MIL,35.0,150,270,0.556,94.0,199.0,0.472,71,156,0.455,0.0,0.0,0.0,0.0,0.0,0.0,1,1,1.0,0.0,0.0,0.0
324,Anthony Peeler,1610612750,MIN,32.0,39,72,0.542,10.0,33.0,0.303,128,297,0.431,12.0,35.0,0.343,16.0,42.0,0.381,83,205,0.405,0.0,0.0,0.0
952,Antoine Walker,1610612738,BOS,25.0,287,558,0.514,75.0,219.0,0.342,82,267,0.307,18.0,58.0,0.31,3.0,20.0,0.15,200,564,0.355,1.0,3.0,0.333
1498,Antonio Daniels,1610612759,SAS,27.0,122,173,0.705,31.0,78.0,0.397,59,165,0.358,9.0,20.0,0.45,18.0,49.0,0.367,30,125,0.24,0.0,2.0,0.0
213,Antonio Davis,1610612761,TOR,33.0,184,332,0.554,49.0,149.0,0.329,177,481,0.368,0.0,0.0,0.0,0.0,0.0,0.0,0,1,0.0,0.0,0.0,0.0
176,Antonio Harvey,1610612760,SEA,31.0,2,4,0.5,1.0,4.0,0.25,1,4,0.25,0.0,0.0,0.0,0.0,0.0,0.0,0,0,0.0,,,
686,Antonio McDyess,1610612743,DEN,27.0,24,33,0.727,3.0,7.0,0.429,16,35,0.457,0.0,0.0,0.0,0.0,0.0,0.0,0,0,0.0,0.0,0.0,0.0
2238,Antonis Fotsis,1610612763,MEM,21.0,22,39,0.564,3.0,10.0,0.3,10,32,0.313,0.0,1.0,0.0,2.0,4.0,0.5,5,18,0.278,0.0,0.0,0.0
1609,Art Long,1610612760,SEA,29.0,86,143,0.601,22.0,69.0,0.319,12,32,0.375,0.0,0.0,0.0,0.0,0.0,0.0,0,0,0.0,0.0,0.0,0.0
1506,Austin Croshere,1610612754,IND,27.0,63,112,0.563,8.0,44.0,0.182,65,147,0.442,7.0,23.0,0.304,12.0,31.0,0.387,30,90,0.333,0.0,1.0,0.0
422,Avery Johnson,1610612742,DAL,37.0,119,209,0.569,28.0,77.0,0.364,60,141,0.426,0.0,0.0,0.0,0.0,1.0,0.0,0,1,0.0,0.0,3.0,0.0
1884,Baron Davis,1610612766,CHH,23.0,242,442,0.548,30.0,87.0,0.345,119,336,0.354,9.0,25.0,0.36,10.0,24.0,0.417,149,420,0.355,0.0,7.0,0.0
1112,Ben Wallace,1610612765,DET,27.0,218,353,0.618,15.0,51.0,0.294,22,73,0.301,0.0,0.0,0.0,0.0,1.0,0.0,0,1,0.0,0.0,1.0,0.0
902,Bimbo Coles,1610612739,CLE,34.0,13,27,0.481,6.0,22.0,0.273,33,76,0.434,1.0,2.0,0.5,0.0,2.0,0.0,3,13,0.231,0.0,4.0,0.0
448,Bo Outlaw,1610612756,PHX,31.0,155,252,0.615,8.0,31.0,0.258,2,14,0.143,0.0,0.0,0.0,0.0,0.0,0.0,1,2,0.5,0.0,0.0,0.0
682,Bob Sura,1610612744,GSW,29.0,173,292,0.592,18.0,83.0,0.217,17,81,0.21,6.0,9.0,0.667,9.0,18.0,0.5,27,105,0.257,0.0,2.0,0.0
1517,Bobby Jackson,1610612758,SAC,29.0,153,249,0.614,29.0,64.0,0.453,73,222,0.329,19.0,37.0,0.514,32.0,79.0,0.405,28,100,0.28,0.0,3.0,0.0
2250,Bobby Simmons,1610612764,WAS,22.0,21,41,0.512,5.0,8.0,0.625,13,32,0.406,2.0,2.0,1.0,0.0,1.0,0.0,2,11,0.182,,,
1719,Bonzi Wells,1610612757,POR,25.0,229,362,0.633,19.0,76.0,0.25,173,429,0.403,14.0,32.0,0.438,13.0,31.0,0.419,39,107,0.364,0.0,2.0,0.0
1802,Brad Miller,1610612754,IND,26.0,220,364,0.604,45.0,126.0,0.357,98,236,0.415,0.0,0.0,0.0,0.0,0.0,0.0,3,7,0.429,0.0,0.0,0.0
2220,Brandon Armstrong,1610612751,NJN,22.0,3,11,0.273,3.0,8.0,0.375,16,49,0.327,1.0,1.0,1.0,1.0,6.0,0.167,3,10,0.3,0.0,0.0,0.0
2217,Brendan Haywood,1610612764,WAS,22.0,93,134,0.694,6.0,40.0,0.15,10,47,0.213,0.0,0.0,0.0,0.0,0.0,0.0,0,0,0.0,0.0,0.0,0.0
699,Brent Barry,1610612760,SEA,30.0,124,187,0.663,37.0,73.0,0.507,76,143,0.531,17.0,36.0,0.472,16.0,31.0,0.516,131,320,0.409,0.0,0.0,0.0
85,Brent Price,1610612758,SAC,33.0,3,4,0.75,0.0,2.0,0.0,3,7,0.429,0.0,0.0,0.0,0.0,0.0,0.0,3,14,0.214,,,
1510,Brevin Knight,1610612763,MEM,26.0,37,79,0.468,15.0,36.0,0.417,87,211,0.412,1.0,1.0,1.0,0.0,0.0,0.0,1,4,0.25,0.0,3.0,0.0
2073,Brian Cardinal,1610612765,DET,25.0,0,0,0.0,0.0,0.0,0.0,3,6,0.5,0.0,0.0,0.0,3.0,5.0,0.6,0,2,0.0,,,
258,Brian Grant,1610612748,MIA,30.0,102,181,0.564,33.0,88.0,0.375,151,339,0.445,0.0,0.0,0.0,0.0,1.0,0.0,0,0,0.0,0.0,1.0,0.0
2243,Brian Scalabrine,1610612751,NJN,24.0,11,24,0.458,1.0,5.0,0.2,8,28,0.286,0.0,1.0,0.0,0.0,1.0,0.0,3,7,0.429,0.0,1.0,0.0
216,Brian Shaw,1610612747,LAL,36.0,16,31,0.516,5.0,22.0,0.227,12,33,0.364,0.0,3.0,0.0,4.0,10.0,0.4,24,71,0.338,0.0,2.0,0.0
1730,Brian Skinner,1610612739,CLE,26.0,63,103,0.612,14.0,27.0,0.519,11,32,0.344,0.0,0.0,0.0,0.0,0.0,0.0,0,0,0.0,0.0,0.0,0.0
1477,Bruce Bowen,1610612759,SAS,31.0,52,94,0.553,14.0,50.0,0.28,33,108,0.306,20.0,46.0,0.435,20.0,50.0,0.4,16,50,0.32,0.0,0.0,0.0
1743,Bruno Sundov,1610612754,IND,22.0,5,7,0.714,3.0,8.0,0.375,8,24,0.333,0.0,0.0,0.0,0.0,0.0,0.0,0,1,0.0,,,
179,Bryant Stith,1610612739,CLE,31.0,26,50,0.52,7.0,17.0,0.412,13,53,0.245,4.0,7.0,0.571,3.0,17.0,0.176,17,44,0.386,0.0,0.0,0.0
1724,Bryce Drew,1610612766,CHH,27.0,12,29,0.414,8.0,19.0,0.421,27,61,0.443,2.0,6.0,0.333,9.0,12.0,0.75,20,55,0.364,0.0,0.0,0.0
935,Bryon Russell,1610612762,UTA,31.0,67,131,0.511,9.0,36.0,0.25,70,192,0.365,8.0,22.0,0.364,19.0,41.0,0.463,49,160,0.306,0.0,2.0,0.0
1898,Cal Bowdler,1610612737,ATL,25.0,17,40,0.425,6.0,14.0,0.429,37,115,0.322,0.0,0.0,0.0,0.0,0.0,0.0,1,5,0.2,0.0,0.0,0.0
384,Calbert Cheaney,1610612743,DEN,30.0,92,133,0.692,31.0,75.0,0.413,101,254,0.398,0.0,1.0,0.0,0.0,0.0,0.0,0,3,0.0,0.0,0.0,0.0
1916,Calvin Booth,1610612760,SEA,26.0,9,17,0.529,5.0,18.0,0.278,21,47,0.447,0.0,0.0,0.0,0.0,0.0,0.0,0,0,0.0,,,
2306,Carlos Arroyo,1610612743,DEN,22.0,18,36,0.5,2.0,9.0,0.222,29,64,0.453,0.0,1.0,0.0,0.0,0.0,0.0,0,1,0.0,0.0,0.0,0.0
435,Carlos Rogers,1610612754,IND,31.0,19,24,0.792,3.0,7.0,0.429,1,6,0.167,0.0,0.0,0.0,0.0,2.0,0.0,1,4,0.25,,,
1538,Cedric Henderson,1610612744,GSW,27.0,9,13,0.692,2.0,2.0,1.0,2,12,0.167,0.0,0.0,0.0,0.0,0.0,0.0,2,4,0.5,0.0,0.0,0.0
891,Charles Oakley,1610612741,CHI,38.0,10,18,0.556,1.0,5.0,0.2,85,234,0.363,0.0,0.0,0.0,1.0,2.0,0.5,0,4,0.0,0.0,0.0,0.0
1520,Charles Smith,1610612759,SAS,26.0,100,166,0.602,25.0,53.0,0.472,22,78,0.282,7.0,25.0,0.28,7.0,20.0,0.35,21,86,0.244,0.0,0.0,0.0
2294,Charlie Bell,1610612742,DAL,23.0,0,0,0.0,1.0,1.0,1.0,2,4,0.5,0.0,0.0,0.0,0.0,1.0,0.0,0,5,0.0,,,
369,Charlie Ward,1610612752,NYK,31.0,27,43,0.628,12.0,27.0,0.444,21,69,0.304,0.0,10.0,0.0,10.0,24.0,0.417,43,128,0.336,0.0,2.0,0.0
1497,Chauncey Billups,1610612750,MIN,25.0,88,162,0.543,18.0,53.0,0.34,118,294,0.401,10.0,26.0,0.385,8.0,24.0,0.333,106,261,0.406,0.0,3.0,0.0
685,Cherokee Parks,1610612759,SAS,29.0,20,31,0.645,1.0,12.0,0.083,9,40,0.225,0.0,0.0,0.0,0.0,0.0,0.0,0,0,0.0,0.0,0.0,0.0
2365,Chris Andersen,1610612743,DEN,23.0,24,51,0.471,0.0,6.0,0.0,1,13,0.077,0.0,0.0,0.0,0.0,1.0,0.0,0,2,0.0,0.0,1.0,0.0
164,Chris Childs,1610612761,TOR,34.0,30,66,0.455,7.0,13.0,0.538,27,98,0.276,0.0,2.0,0.0,0.0,3.0,0.0,33,105,0.314,0.0,9.0,0.0
1544,Chris Crawford,1610612737,ATL,27.0,11,17,0.647,4.0,8.0,0.5,6,19,0.316,0.0,0.0,0.0,0.0,0.0,0.0,0,1,0.0,,,
201,Chris Dudley,1610612757,POR,37.0,15,26,0.577,5.0,19.0,0.263,0,3,0.0,0.0,0.0,0.0,0.0,0.0,0.0,0,1,0.0,0.0,1.0,0.0
423,Chris Gatling,1610612748,MIA,34.0,67,106,0.632,21.0,56.0,0.375,42,123,0.341,0.0,4.0,0.0,0.0,2.0,0.0,1,1,1.0,0.0,1.0,0.0
2036,Chris Mihm,1610612739,CLE,22.0,93,193,0.482,53.0,124.0,0.427,72,202,0.356,0.0,1.0,0.0,0.0,0.0,0.0,3,6,0.5,0.0,0.0,0.0
168,Chris Mills,1610612744,GSW,32.0,41,65,0.631,25.0,59.0,0.424,64,176,0.364,4.0,19.0,0.211,10.0,32.0,0.313,34,75,0.453,0.0,1.0,0.0
185,Chris Webber,1610612758,SAC,29.0,220,332,0.663,73.0,192.0,0.38,234,532,0.44,0.0,0.0,0.0,0.0,0.0,0.0,5,19,0.263,0.0,0.0,0.0
43,Chris Whitney,1610612764,WAS,30.0,14,32,0.438,12.0,38.0,0.316,117,264,0.443,17.0,38.0,0.447,14.0,39.0,0.359,100,245,0.408,0.0,0.0,0.0
363,Christian Laettner,1610612764,WAS,32.0,61,98,0.622,10.0,35.0,0.286,95,219,0.434,0.0,0.0,0.0,0.0,1.0,0.0,2,8,0.25,0.0,1.0,0.0
1088,Chucky Atkins,1610612765,DET,27.0,110,197,0.558,10.0,31.0,0.323,111,227,0.489,21.0,49.0,0.429,27.0,62.0,0.435,88,220,0.4,1.0,4.0,0.25
359,Chucky Brown,1610612758,SAC,34.0,0,5,0.0,2.0,4.0,0.5,8,18,0.444,0.0,0.0,0.0,0.0,0.0,0.0,0,0,0.0,,,
221,Clar. Weatherspoon,1610612752,NYK,31.0,98,209,0.469,31.0,94.0,0.33,60,149,0.403,0.0,0.0,0.0,0.0,0.0,0.0,0,0,0.0,0.0,0.0,0.0
361,Clifford Robinson,1610612765,DET,35.0,94,163,0.577,77.0,183.0,0.421,168,419,0.401,14.0,34.0,0.412,9.0,35.0,0.257,91,234,0.389,0.0,0.0,0.0
1894,Corey Maggette,1610612746,LAC,22.0,108,181,0.597,16.0,55.0,0.291,65,155,0.419,11.0,22.0,0.5,3.0,15.0,0.2,32,102,0.314,0.0,0.0,0.0
916,Corie Blount,1610612755,PHI,33.0,64,109,0.587,13.0,37.0,0.351,38,104,0.365,0.0,0.0,0.0,0.0,0.0,0.0,0,1,0.0,0.0,0.0,0.0
722,Corliss Williamson,1610612765,DET,28.0,239,380,0.629,86.0,165.0,0.521,85,256,0.332,0.0,1.0,0.0,1.0,2.0,0.5,0,2,0.0,0.0,0.0,0.0
2042,Courtney Alexander,1610612764,WAS,25.0,65,105,0.619,21.0,69.0,0.304,132,282,0.468,0.0,3.0,0.0,1.0,1.0,1.0,4,14,0.286,0.0,0.0,0.0
1749,Cuttino Mobley,1610612745,HOU,26.0,156,254,0.614,35.0,117.0,0.299,256,611,0.419,31.0,66.0,0.47,18.0,44.0,0.409,98,263,0.373,0.0,2.0,0.0
905,Dale Davis,1610612757,POR,33.0,188,301,0.625,35.0,98.0,0.357,73,181,0.403,0.0,0.0,0.0,0.0,0.0,0.0,0,0,0.0,0.0,0.0,0.0
2053,Dalibor Bagaric,1610612741,CHI,21.0,45,78,0.577,11.0,41.0,0.268,16,58,0.276,0.0,0.0,0.0,0.0,0.0,0.0,0,1,0.0,0.0,0.0,0.0
1800,Damon Jones,1610612765,DET,25.0,27,45,0.6,2.0,7.0,0.286,16,45,0.356,15.0,40.0,0.375,19.0,48.0,0.396,35,99,0.354,0.0,0.0,0.0
757,Damon Stoudamire,1610612757,POR,28.0,67,147,0.456,34.0,100.0,0.34,164,376,0.436,1.0,8.0,0.125,14.0,30.0,0.467,89,254,0.35,0.0,3.0,0.0
2245,Damone Brown,1610612755,PHI,23.0,3,6,0.5,2.0,4.0,0.5,3,10,0.3,0.0,0.0,0.0,0.0,0.0,0.0,0,1,0.0,0.0,0.0,0.0
2061,Dan Langhi,1610612745,HOU,24.0,11,21,0.524,3.0,13.0,0.231,34,87,0.391,1.0,1.0,1.0,0.0,0.0,0.0,0,3,0.0,0.0,0.0,0.0
105,Dan Majerle,1610612756,PHX,36.0,8,17,0.471,4.0,12.0,0.333,8,25,0.32,9.0,25.0,0.36,13.0,40.0,0.325,57,170,0.335,0.0,0.0,0.0
344,Dana Barros,1610612765,DET,35.0,16,31,0.516,5.0,16.0,0.313,29,74,0.392,3.0,3.0,1.0,2.0,7.0,0.286,19,61,0.311,0.0,0.0,0.0
2091,Daniel Santiago,1610612756,PHX,26.0,1,3,0.333,1.0,1.0,1.0,2,4,0.5,0.0,0.0,0.0,0.0,0.0,0.0,0,0,0.0,,,
198,Danny Ferry,1610612759,SAS,35.0,2,2,1.0,0.0,2.0,0.0,30,73,0.411,10.0,21.0,0.476,8.0,24.0,0.333,26,55,0.473,0.0,0.0,0.0
1504,Danny Fortson,1610612744,GSW,26.0,132,261,0.506,42.0,133.0,0.316,134,324,0.414,0.0,0.0,0.0,0.0,0.0,0.0,1,4,0.25,0.0,0.0,0.0
330,Danny Manning,1610612742,DAL,36.0,31,44,0.705,10.0,23.0,0.435,29,75,0.387,0.0,1.0,0.0,0.0,2.0,0.0,1,4,0.25,0.0,0.0,0.0
2032,Darius Miles,1610612746,LAC,20.0,191,301,0.635,40.0,103.0,0.388,74,218,0.339,1.0,1.0,1.0,0.0,1.0,0.0,2,15,0.133,0.0,2.0,0.0
353,Darrell Armstrong,1610612753,ORL,34.0,98,155,0.632,24.0,68.0,0.353,86,206,0.417,31.0,75.0,0.413,14.0,34.0,0.412,94,289,0.325,0.0,0.0,0.0
239,Darrick Martin,1610612742,DAL,31.0,0,2,0.0,0.0,2.0,0.0,0,4,0.0,0.0,1.0,0.0,0.0,0.0,0.0,0,1,0.0,,,
1032,Darvin Ham,1610612749,MIL,28.0,100,151,0.662,6.0,18.0,0.333,13,35,0.371,1.0,1.0,1.0,0.0,1.0,0.0,0,4,0.0,0.0,1.0,0.0
764,David Robinson,1610612759,SAS,36.0,219,347,0.631,19.0,70.0,0.271,103,255,0.404,0.0,0.0,0.0,0.0,0.0,0.0,0,0,0.0,0.0,0.0,0.0
133,David Wesley,1610612766,CHH,31.0,80,149,0.537,7.0,32.0,0.219,192,473,0.406,8.0,27.0,0.296,17.0,41.0,0.415,60,188,0.319,0.0,0.0,0.0
2205,DeSagana Diop,1610612739,CLE,20.0,5,11,0.455,4.0,10.0,0.4,3,8,0.375,0.0,0.0,0.0,0.0,0.0,0.0,0,0,0.0,0.0,0.0,0.0
2052,DeShawn Stevenson,1610612762,UTA,21.0,57,112,0.509,8.0,33.0,0.242,76,201,0.378,0.0,3.0,0.0,0.0,4.0,0.0,2,16,0.125,0.0,2.0,0.0
1051,Dean Garrett,1610612744,GSW,35.0,8,15,0.533,5.0,14.0,0.357,5,26,0.192,0.0,0.0,0.0,0.0,0.0,0.0,0,0,0.0,0.0,0.0,0.0
2352,Dean Oliver,1610612744,GSW,23.0,4,10,0.4,2.0,5.0,0.4,9,18,0.5,0.0,1.0,0.0,0.0,1.0,0.0,2,11,0.182,0.0,0.0,0.0
244,Dee Brown,1610612753,ORL,33.0,0,0,0.0,0.0,0.0,0.0,2,8,0.25,0.0,2.0,0.0,1.0,4.0,0.25,0,6,0.0,,,
209,Dell Curry,1610612761,TOR,38.0,11,15,0.733,8.0,18.0,0.444,77,183,0.421,5.0,14.0,0.357,7.0,21.0,0.333,33,96,0.344,0.0,0.0,0.0
2035,DerMarr Johnson,1610612737,ATL,22.0,75,138,0.543,10.0,41.0,0.244,41,116,0.353,2.0,19.0,0.105,28.0,64.0,0.438,58,162,0.358,0.0,0.0,0.0
1507,Derek Anderson,1610612757,POR,27.0,78,145,0.538,2.0,27.0,0.074,82,212,0.387,15.0,35.0,0.429,11.0,21.0,0.524,59,172,0.343,0.0,1.0,0.0
965,Derek Fisher,1610612747,LAL,27.0,23,56,0.411,7.0,28.0,0.25,99,232,0.427,23.0,43.0,0.535,30.0,59.0,0.508,92,247,0.372,0.0,1.0,0.0
934,Derrick Coleman,1610612755,PHI,35.0,177,272,0.651,35.0,124.0,0.282,91,256,0.355,1.0,5.0,0.2,0.0,8.0,0.0,27,70,0.386,0.0,0.0,0.0
1760,Derrick Dial,1610612761,TOR,26.0,12,27,0.444,3.0,9.0,0.333,25,73,0.342,0.0,2.0,0.0,0.0,0.0,0.0,1,9,0.111,0.0,0.0,0.0
365,Derrick McKey,1610612755,PHI,35.0,20,38,0.526,8.0,17.0,0.471,19,55,0.345,3.0,7.0,0.429,1.0,1.0,1.0,1,4,0.25,0.0,0.0,0.0
2046,Desmond Mason,1610612760,SEA,24.0,114,180,0.633,31.0,109.0,0.284,196,421,0.466,3.0,12.0,0.25,4.0,10.0,0.4,9,36,0.25,0.0,1.0,0.0
1904,Devean George,1610612747,LAL,24.0,74,129,0.574,17.0,51.0,0.333,59,166,0.355,10.0,31.0,0.323,19.0,35.0,0.543,36,106,0.34,0.0,5.0,0.0
54,Dickey Simpkins,1610612737,ATL,30.0,0,0,0.0,,,,0,0,0.0,,,,,,,0,0,0.0,,,
87,Dikembe Mutombo,1610612755,PHI,36.0,176,285,0.618,103.0,222.0,0.464,42,134,0.313,0.0,0.0,0.0,0.0,0.0,0.0,0,0,0.0,0.0,0.0,0.0
1901,Dion Glover,1610612737,ATL,23.0,101,185,0.546,10.0,47.0,0.213,51,133,0.383,4.0,8.0,0.5,2.0,9.0,0.222,24,73,0.329,0.0,1.0,0.0
1717,Dirk Nowitzki,1610612742,DAL,24.0,189,311,0.608,46.0,122.0,0.377,228,477,0.478,4.0,6.0,0.667,9.0,32.0,0.281,124,310,0.4,0.0,0.0,0.0
690,Don Reid,1610612753,ORL,28.0,61,115,0.53,24.0,60.0,0.4,5,15,0.333,0.0,0.0,0.0,0.0,0.0,0.0,0,0,0.0,0.0,0.0,0.0
2051,Donnell Harvey,1610612743,DEN,21.0,76,125,0.608,17.0,42.0,0.405,15,50,0.3,0.0,0.0,0.0,0.0,0.0,0.0,0,0,0.0,0.0,0.0,0.0
681,Donny Marshall,1610612751,NJN,29.0,3,10,0.3,1.0,4.0,0.25,2,11,0.182,1.0,1.0,1.0,0.0,0.0,0.0,1,3,0.333,0.0,0.0,0.0
923,Donyell Marshall,1610612762,UTA,29.0,257,400,0.643,42.0,118.0,0.356,31,101,0.307,1.0,7.0,0.143,3.0,11.0,0.273,9,23,0.391,0.0,1.0,0.0
57,Doug Christie,1610612758,SAC,32.0,163,251,0.649,11.0,42.0,0.262,74,186,0.398,11.0,42.0,0.262,22.0,56.0,0.393,57,157,0.363,0.0,1.0,0.0
77,Doug Overton,1610612746,LAC,32.0,2,4,0.5,3.0,5.0,0.6,2,8,0.25,0.0,3.0,0.0,0.0,1.0,0.0,7,23,0.304,,,
1863,Earl Boykins,1610612746,LAC,26.0,20,46,0.435,29.0,70.0,0.414,48,117,0.41,0.0,0.0,0.0,0.0,5.0,0.0,13,37,0.351,0.0,0.0,0.0
2248,Earl Watson,1610612760,SEA,23.0,48,79,0.608,13.0,41.0,0.317,19,48,0.396,1.0,10.0,0.1,1.0,4.0,0.25,14,29,0.483,0.0,1.0,0.0
2109,Eddie Gill,1610612763,MEM,23.0,8,14,0.571,5.0,9.0,0.556,20,48,0.417,0.0,5.0,0.0,1.0,1.0,1.0,5,15,0.333,0.0,0.0,0.0
2204,Eddie Griffin,1610612745,HOU,20.0,67,115,0.583,13.0,37.0,0.351,74,241,0.307,1.0,14.0,0.071,7.0,15.0,0.467,82,244,0.336,0.0,0.0,0.0
2067,Eddie House,1610612748,MIA,24.0,18,43,0.419,17.0,35.0,0.486,120,289,0.415,13.0,26.0,0.5,11.0,22.0,0.5,30,103,0.291,0.0,6.0,0.0
224,Eddie Jones,1610612748,MIA,30.0,153,237,0.646,27.0,81.0,0.333,188,498,0.378,29.0,66.0,0.439,21.0,43.0,0.488,99,271,0.365,0.0,2.0,0.0
1944,Eddie Robinson,1610612741,CHI,26.0,40,57,0.702,15.0,30.0,0.5,55,155,0.355,1.0,1.0,1.0,0.0,0.0,0.0,1,4,0.25,0.0,0.0,0.0
2201,Eddy Curry,1610612741,CHI,19.0,149,248,0.601,16.0,61.0,0.262,24,68,0.353,0.0,0.0,0.0,0.0,0.0,0.0,0,0,0.0,0.0,0.0,0.0
2059,Eduardo Najera,1610612742,DAL,25.0,113,201,0.562,13.0,37.0,0.351,24,60,0.4,0.0,0.0,0.0,0.0,0.0,0.0,0,2,0.0,0.0,0.0,0.0
922,Elden Campbell,1610612766,CHH,33.0,160,260,0.615,102.0,218.0,0.468,122,314,0.389,0.0,1.0,0.0,0.0,0.0,0.0,0,1,0.0,0.0,0.0,0.0
695,Eldridge Recasner,1610612746,LAC,34.0,1,1,1.0,0.0,2.0,0.0,1,2,0.5,0.0,0.0,0.0,0.0,0.0,0.0,0,1,0.0,,,
386,Elliot Perry,1610612763,MEM,33.0,1,1,1.0,0.0,1.0,0.0,4,8,0.5,0.0,0.0,0.0,0.0,0.0,0.0,0,0,0.0,,,
1882,Elton Brand,1610612746,LAC,23.0,292,420,0.695,132.0,336.0,0.393,108,254,0.425,0.0,0.0,0.0,0.0,0.0,0.0,0,0,0.0,0.0,0.0,0.0
1023,Emanual Davis,1610612737,ATL,33.0,20,37,0.541,4.0,21.0,0.19,17,57,0.298,8.0,23.0,0.348,7.0,17.0,0.412,14,42,0.333,0.0,1.0,0.0
376,Eric Montross,1610612761,TOR,30.0,17,36,0.472,13.0,27.0,0.481,23,68,0.338,0.0,0.0,0.0,0.0,0.0,0.0,0,1,0.0,0.0,0.0,0.0
15,Eric Piatkowski,1610612746,LAC,31.0,43,75,0.573,12.0,37.0,0.324,42,122,0.344,10.0,24.0,0.417,11.0,18.0,0.611,89,195,0.456,0.0,0.0,0.0
727,Eric Snow,1610612755,PHI,29.0,69,143,0.483,57.0,133.0,0.429,147,321,0.458,1.0,1.0,1.0,0.0,0.0,0.0,2,26,0.077,0.0,0.0,0.0
677,Eric Williams,1610612738,BOS,29.0,75,165,0.455,30.0,74.0,0.405,16,61,0.262,8.0,30.0,0.267,10.0,36.0,0.278,5,19,0.263,0.0,0.0,0.0
2057,Erick Barkley,1610612757,POR,24.0,13,23,0.565,2.0,5.0,0.4,8,33,0.242,0.0,0.0,0.0,1.0,1.0,1.0,0,6,0.0,0.0,0.0,0.0
956,Erick Dampier,1610612744,GSW,26.0,131,216,0.606,57.0,193.0,0.295,21,71,0.296,0.0,0.0,0.0,0.0,0.0,0.0,0,0,0.0,0.0,0.0,0.0
1065,Erick Strickland,1610612738,BOS,28.0,55,109,0.505,10.0,29.0,0.345,30,103,0.291,6.0,17.0,0.353,19.0,40.0,0.475,70,190,0.368,0.0,0.0,0.0
2081,Ernest Brown,1610612748,MIA,23.0,1,1,1.0,0.0,2.0,0.0,0,3,0.0,0.0,0.0,0.0,0.0,0.0,0.0,0,0,0.0,0.0,0.0,0.0
911,Ervin Johnson,1610612749,MIL,34.0,53,114,0.465,13.0,27.0,0.481,23,51,0.451,0.0,0.0,0.0,0.0,0.0,0.0,0,0,0.0,0.0,1.0,0.0
2041,Etan Thomas,1610612764,WAS,24.0,52,81,0.642,18.0,44.0,0.409,11,26,0.423,0.0,0.0,0.0,0.0,0.0,0.0,0,0,0.0,0.0,0.0,0.0
1915,Evan Eschmeyer,1610612742,DAL,27.0,21,41,0.512,0.0,4.0,0.0,0,5,0.0,0.0,0.0,0.0,0.0,0.0,0.0,0,0,0.0,0.0,0.0,0.0
1732,Felipe Lopez,1610612750,MIN,27.0,34,69,0.493,3.0,18.0,0.167,8,36,0.222,4.0,10.0,0.4,6.0,10.0,0.6,4,13,0.308,0.0,0.0,0.0
280,Felton Spencer,1610612752,NYK,34.0,6,20,0.3,0.0,4.0,0.0,0,2,0.0,0.0,0.0,0.0,0.0,0.0,0.0,0,0,0.0,0.0,0.0,0.0
697,Fred Hoiberg,1610612741,CHI,29.0,38,66,0.576,4.0,11.0,0.364,55,122,0.451,1.0,6.0,0.167,3.0,9.0,0.333,20,77,0.26,0.0,0.0,0.0
56,Gary Payton,1610612760,SEA,33.0,311,484,0.643,123.0,312.0,0.394,229,546,0.419,10.0,43.0,0.233,9.0,19.0,0.474,55,174,0.316,0.0,0.0,0.0
718,Gary Trent,1610612750,MIN,27.0,86,136,0.632,70.0,137.0,0.511,37,106,0.349,0.0,0.0,0.0,0.0,0.0,0.0,0,2,0.0,0.0,0.0,0.0
248,George Lynch,1610612766,CHH,31.0,43,88,0.489,10.0,21.0,0.476,19,83,0.229,0.0,2.0,0.0,0.0,1.0,0.0,1,3,0.333,0.0,0.0,0.0
45,George McCloud,1610612743,DEN,35.0,52,107,0.486,14.0,37.0,0.378,80,210,0.381,11.0,43.0,0.256,7.0,25.0,0.28,42,153,0.275,0.0,1.0,0.0
2222,Gerald Wallace,1610612758,SAC,19.0,59,108,0.546,3.0,17.0,0.176,13,43,0.302,0.0,1.0,0.0,0.0,1.0,0.0,0,5,0.0,0.0,0.0,0.0
2240,Gilbert Arenas,1610612744,GSW,20.0,83,138,0.601,6.0,26.0,0.231,46,107,0.43,0.0,4.0,0.0,3.0,6.0,0.5,36,102,0.353,0.0,1.0,0.0
779,Glen Rice,1610612745,HOU,35.0,16,31,0.516,8.0,20.0,0.4,23,52,0.442,6.0,20.0,0.3,2.0,6.0,0.333,10,38,0.263,0.0,0.0,0.0
299,Glenn Robinson,1610612749,MIL,29.0,90,173,0.52,106.0,225.0,0.471,282,572,0.493,5.0,17.0,0.294,1.0,7.0,0.143,52,150,0.347,0.0,3.0,0.0
255,Grant Hill,1610612753,ORL,29.0,42,73,0.575,14.0,34.0,0.412,27,86,0.314,0.0,0.0,0.0,0.0,0.0,0.0,0,2,0.0,0.0,0.0,0.0
3,Grant Long,1610612763,MEM,36.0,49,72,0.681,13.0,36.0,0.361,99,260,0.381,0.0,4.0,0.0,0.0,1.0,0.0,3,11,0.273,0.0,1.0,0.0
21,Greg Anthony,1610612749,MIL,34.0,40,79,0.506,13.0,37.0,0.351,82,196,0.418,5.0,18.0,0.278,3.0,15.0,0.2,39,129,0.302,0.0,0.0,0.0
1761,Greg Buckner,1610612742,DAL,25.0,75,107,0.701,7.0,23.0,0.304,17,52,0.327,0.0,1.0,0.0,2.0,5.0,0.4,3,9,0.333,0.0,1.0,0.0
323,Greg Foster,1610612749,MIL,33.0,0,1,0.0,1.0,1.0,1.0,1,3,0.333,0.0,1.0,0.0,0.0,1.0,0.0,0,2,0.0,,,
731,Greg Ostertag,1610612762,UTA,29.0,78,150,0.52,9.0,35.0,0.257,4,16,0.25,0.0,0.0,0.0,0.0,0.0,0.0,0,0,0.0,0.0,0.0,0.0
165,Hakeem Olajuwon,1610612761,TOR,39.0,72,115,0.626,29.0,78.0,0.372,93,223,0.417,0.0,0.0,0.0,0.0,0.0,0.0,0,2,0.0,0.0,0.0,0.0
2069,Hanno Mottola,1610612737,ATL,25.0,71,136,0.522,18.0,54.0,0.333,79,181,0.436,0.0,4.0,0.0,0.0,0.0,0.0,1,9,0.111,0.0,0.0,0.0
1942,Harold Jamison,1610612746,LAC,25.0,21,35,0.6,1.0,8.0,0.125,0,0,0.0,0.0,0.0,0.0,0.0,0.0,0.0,0,0,0.0,0.0,0.0,0.0
2045,Hedo Turkoglu,1610612758,SAC,23.0,81,153,0.529,31.0,83.0,0.373,115,280,0.411,4.0,14.0,0.286,10.0,21.0,0.476,49,135,0.363,0.0,1.0,0.0
270,Horace Grant,1610612753,ORL,36.0,106,157,0.675,11.0,23.0,0.478,147,335,0.439,0.0,0.0,0.0,0.0,0.0,0.0,0,0,0.0,0.0,0.0,0.0
458,Howard Eisley,1610612752,NYK,29.0,18,34,0.529,11.0,26.0,0.423,16,57,0.281,1.0,3.0,0.333,1.0,5.0,0.2,12,50,0.24,0.0,0.0,0.0
93,Hubert Davis,1610612764,WAS,32.0,13,24,0.542,16.0,48.0,0.333,59,127,0.465,2.0,5.0,0.4,7.0,14.0,0.5,49,108,0.454,0.0,0.0,0.0
1134,Ike Austin,1610612763,MEM,32.0,4,13,0.308,1.0,4.0,0.25,31,72,0.431,0.0,0.0,0.0,0.0,1.0,0.0,0,2,0.0,0.0,0.0,0.0
1829,Ike Fontaine,1610612763,MEM,27.0,2,4,0.5,0.0,1.0,0.0,0,4,0.0,0.0,1.0,0.0,0.0,1.0,0.0,1,3,0.333,0.0,0.0,0.0
1085,Ira Bowman,1610612755,PHI,29.0,4,4,1.0,1.0,1.0,1.0,0,1,0.0,0.0,0.0,0.0,,,,0,1,0.0,,,
1956,Ira Newble,1610612737,ATL,27.0,99,153,0.647,7.0,20.0,0.35,24,83,0.289,0.0,0.0,0.0,1.0,2.0,0.5,0,5,0.0,0.0,0.0,0.0
375,Isaiah Rider,1610612743,DEN,31.0,15,24,0.625,5.0,12.0,0.417,11,30,0.367,1.0,1.0,1.0,1.0,1.0,1.0,4,13,0.308,0.0,0.0,0.0
2074,Jabari Smith,1610612755,PHI,25.0,14,22,0.636,6.0,7.0,0.857,6,31,0.194,0.0,0.0,0.0,0.0,0.0,0.0,0,3,0.0,0.0,0.0,0.0
1521,Jacque Vaughn,1610612737,ATL,27.0,79,134,0.59,7.0,30.0,0.233,96,220,0.436,7.0,12.0,0.583,0.0,2.0,0.0,17,40,0.425,0.0,0.0,0.0
1751,Jahidi White,1610612764,WAS,26.0,144,234,0.615,6.0,39.0,0.154,0,6,0.0,0.0,0.0,0.0,0.0,0.0,0.0,0,0,0.0,0.0,0.0,0.0
2054,Jake Tsakalidis,1610612756,PHX,23.0,135,227,0.595,42.0,121.0,0.347,13,51,0.255,0.0,0.0,0.0,0.0,0.0,0.0,0,1,0.0,0.0,0.0,0.0
2063,Jake Voskuhl,1610612756,PHX,24.0,91,145,0.628,9.0,26.0,0.346,7,22,0.318,0.0,0.0,0.0,0.0,0.0,0.0,0,0,0.0,0.0,0.0,0.0
147,Jalen Rose,1610612741,CHI,29.0,125,198,0.631,88.0,204.0,0.431,361,810,0.446,26.0,60.0,0.433,14.0,48.0,0.292,49,138,0.355,0.0,0.0,0.0
2048,Jamaal Magloire,1610612766,CHH,24.0,190,302,0.629,23.0,70.0,0.329,14,40,0.35,0.0,0.0,0.0,0.0,0.0,0.0,0,1,0.0,0.0,0.0,0.0
2224,Jamaal Tinsley,1610612754,IND,24.0,105,217,0.484,52.0,142.0,0.366,90,226,0.398,3.0,13.0,0.231,4.0,12.0,0.333,35,148,0.236,0.0,2.0,0.0
2037,Jamal Crawford,1610612741,CHI,22.0,8,14,0.571,13.0,21.0,0.619,42,94,0.447,4.0,5.0,0.8,1.0,3.0,0.333,21,49,0.429,0.0,1.0,0.0
469,Jamal Mashburn,1610612766,CHH,29.0,61,112,0.545,49.0,122.0,0.402,152,398,0.382,5.0,11.0,0.455,4.0,7.0,0.571,32,94,0.34,0.0,0.0,0.0
1899,James Posey,1610612743,DEN,25.0,116,214,0.542,21.0,51.0,0.412,73,233,0.313,28.0,86.0,0.326,16.0,47.0,0.34,23,102,0.225,0.0,3.0,0.0
2249,Jamison Brewer,1610612754,IND,21.0,1,2,0.5,1.0,2.0,0.5,0,0,0.0,0.0,0.0,0.0,0.0,0.0,0.0,0,0,0.0,0.0,1.0,0.0
1114,Jaren Jackson,1610612753,ORL,34.0,1,1,1.0,0.0,1.0,0.0,7,15,0.467,1.0,3.0,0.333,2.0,5.0,0.4,4,12,0.333,0.0,0.0,0.0
2260,Jarron Collins,1610612762,UTA,23.0,102,189,0.54,20.0,62.0,0.323,36,91,0.396,0.0,0.0,0.0,0.0,0.0,0.0,0,1,0.0,0.0,0.0,0.0
679,Jason Caffey,1610612749,MIL,29.0,17,31,0.548,9.0,21.0,0.429,10,19,0.526,0.0,0.0,0.0,0.0,0.0,0.0,0,1,0.0,0.0,0.0,0.0
2044,Jason Collier,1610612745,HOU,24.0,22,44,0.5,5.0,15.0,0.333,14,35,0.4,0.0,0.0,0.0,0.0,0.0,0.0,0,1,0.0,0.0,0.0,0.0
2215,Jason Collins,1610612751,NJN,23.0,70,133,0.526,16.0,48.0,0.333,30,95,0.316,0.0,0.0,0.0,0.0,0.0,0.0,1,2,0.5,0.0,0.0,0.0
2078,Jason Hart,1610612759,SAS,24.0,4,5,0.8,0.0,1.0,0.0,6,12,0.5,0.0,0.0,0.0,0.0,0.0,0.0,0,0,0.0,0.0,1.0,0.0
467,Jason Kidd,1610612751,NJN,29.0,117,217,0.539,35.0,94.0,0.372,176,463,0.38,14.0,30.0,0.467,10.0,32.0,0.313,93,291,0.32,0.0,11.0,0.0
2202,Jason Richardson,1610612744,GSW,21.0,204,321,0.636,56.0,166.0,0.337,122,358,0.341,6.0,18.0,0.333,6.0,17.0,0.353,69,206,0.335,1.0,4.0,0.25
1891,Jason Terry,1610612737,ATL,24.0,135,249,0.542,46.0,110.0,0.418,171,416,0.411,14.0,47.0,0.298,15.0,39.0,0.385,143,358,0.399,0.0,0.0,0.0
1715,Jason Williams,1610612763,MEM,26.0,64,113,0.566,20.0,48.0,0.417,165,395,0.418,11.0,32.0,0.344,7.0,19.0,0.368,109,377,0.289,0.0,1.0,0.0
1902,Jeff Foster,1610612754,IND,25.0,118,198,0.596,11.0,45.0,0.244,46,136,0.338,1.0,2.0,0.5,0.0,3.0,0.0,1,9,0.111,0.0,1.0,0.0
976,Jeff McInnis,1610612746,LAC,27.0,65,126,0.516,124.0,279.0,0.444,199,482,0.413,1.0,3.0,0.333,3.0,6.0,0.5,71,221,0.321,0.0,4.0,0.0
2244,Jeff Trepagnier,1610612739,CLE,22.0,3,9,0.333,0.0,2.0,0.0,4,11,0.364,0.0,0.0,0.0,0.0,0.0,0.0,0,1,0.0,,,
1741,Jelani McCoy,1610612747,LAL,24.0,8,14,0.571,3.0,5.0,0.6,1,2,0.5,0.0,0.0,0.0,0.0,0.0,0.0,0,0,0.0,0.0,0.0,0.0
1983,Jermaine Jackson,1610612761,TOR,26.0,13,21,0.619,1.0,2.0,0.5,5,17,0.294,0.0,0.0,0.0,0.0,0.0,0.0,1,2,0.5,0.0,0.0,0.0
979,Jermaine O'Neal,1610612754,IND,23.0,231,352,0.656,163.0,361.0,0.452,148,406,0.365,0.0,0.0,0.0,0.0,4.0,0.0,1,8,0.125,0.0,2.0,0.0
1744,Jerome James,1610612760,SEA,26.0,75,119,0.63,45.0,109.0,0.413,14,45,0.311,0.0,0.0,0.0,0.0,0.0,0.0,0,0,0.0,,,
2040,Jerome Moiso,1610612766,CHH,24.0,4,6,0.667,0.0,4.0,0.0,4,10,0.4,0.0,0.0,0.0,0.0,0.0,0.0,0,0,0.0,,,
966,Jerome Williams,1610612761,TOR,29.0,154,265,0.581,9.0,46.0,0.196,27,77,0.351,0.0,0.0,0.0,0.0,0.0,0.0,0,0,0.0,0.0,0.0,0.0
711,Jerry Stackhouse,1610612765,DET,27.0,187,336,0.557,27.0,77.0,0.351,224,606,0.37,24.0,69.0,0.348,19.0,44.0,0.432,43,185,0.232,0.0,1.0,0.0
2219,Jeryl Sasser,1610612753,ORL,23.0,3,7,0.429,0.0,1.0,0.0,0,6,0.0,0.0,0.0,0.0,0.0,0.0,0.0,0,0,0.0,,,
754,Jim Jackson,1610612748,MIA,31.0,60,103,0.583,36.0,75.0,0.48,103,278,0.371,8.0,14.0,0.571,11.0,24.0,0.458,20,44,0.455,0.0,0.0,0.0
2343,Joe Crispin,1610612756,PHX,22.0,5,9,0.556,1.0,8.0,0.125,5,12,0.417,0.0,0.0,0.0,0.0,1.0,0.0,15,38,0.395,,,
2207,Joe Johnson,1610612756,PHX,21.0,82,141,0.582,42.0,99.0,0.424,89,214,0.416,5.0,21.0,0.238,12.0,49.0,0.245,21,60,0.35,0.0,0.0,0.0
693,Joe Smith,1610612750,MIN,26.0,128,196,0.653,46.0,108.0,0.426,121,274,0.442,0.0,0.0,0.0,0.0,0.0,0.0,2,3,0.667,0.0,0.0,0.0
2038,Joel Przybilla,1610612749,MIL,22.0,68,112,0.607,4.0,15.0,0.267,4,14,0.286,0.0,0.0,0.0,0.0,0.0,0.0,0,1,0.0,0.0,0.0,0.0
680,John Amaechi,1610612762,UTA,31.0,36,82,0.439,8.0,43.0,0.186,10,41,0.244,0.0,0.0,0.0,0.0,0.0,0.0,0,0,0.0,0.0,0.0,0.0
180,John Crotty,1610612762,UTA,32.0,23,56,0.411,5.0,11.0,0.455,39,72,0.542,0.0,0.0,0.0,0.0,1.0,0.0,31,68,0.456,0.0,0.0,0.0
317,John Starks,1610612762,UTA,36.0,35,73,0.479,3.0,16.0,0.188,47,127,0.37,4.0,14.0,0.286,8.0,21.0,0.381,17,59,0.288,0.0,0.0,0.0
304,John Stockton,1610612762,UTA,40.0,184,296,0.622,27.0,64.0,0.422,165,338,0.488,2.0,4.0,0.5,2.0,4.0,0.5,21,68,0.309,0.0,1.0,0.0
961,John Wallace,1610612756,PHX,28.0,42,66,0.636,13.0,48.0,0.271,33,87,0.379,0.0,0.0,0.0,0.0,1.0,0.0,5,12,0.417,0.0,0.0,0.0
271,Johnny Newman,1610612742,DAL,38.0,25,42,0.595,0.0,4.0,0.0,20,45,0.444,2.0,4.0,0.5,6.0,13.0,0.462,14,40,0.35,0.0,0.0,0.0
468,Jon Barry,1610612765,DET,32.0,62,98,0.633,6.0,18.0,0.333,66,149,0.443,30.0,62.0,0.484,9.0,21.0,0.429,82,175,0.469,0.0,0.0,0.0
1886,Jonathan Bender,1610612754,IND,21.0,87,142,0.613,20.0,65.0,0.308,46,128,0.359,9.0,21.0,0.429,5.0,14.0,0.357,31,90,0.344,0.0,0.0,0.0
2218,Joseph Forte,1610612738,BOS,21.0,0,1,0.0,0.0,1.0,0.0,1,7,0.143,0.0,0.0,0.0,0.0,0.0,0.0,0,3,0.0,0.0,0.0,0.0
146,Jud Buechler,1610612753,ORL,34.0,11,19,0.579,1.0,1.0,1.0,12,39,0.308,9.0,17.0,0.529,4.0,16.0,0.25,7,25,0.28,0.0,1.0,0.0
1908,Jumaine Jones,1610612739,CLE,23.0,96,152,0.632,17.0,47.0,0.362,122,272,0.449,1.0,7.0,0.143,7.0,17.0,0.412,43,144,0.299,1.0,1.0,1.0
436,Juwan Howard,1610612743,DEN,29.0,196,344,0.57,115.0,290.0,0.397,151,369,0.409,0.0,0.0,0.0,0.0,0.0,0.0,0,2,0.0,0.0,0.0,0.0
252,Karl Malone,1610612762,UTA,38.0,233,393,0.593,57.0,155.0,0.368,336,826,0.407,0.0,0.0,0.0,1.0,1.0,1.0,8,24,0.333,0.0,0.0,0.0
2208,Kedrick Brown,1610612738,BOS,21.0,13,21,0.619,1.0,6.0,0.167,4,16,0.25,2.0,9.0,0.222,0.0,8.0,0.0,3,10,0.3,0.0,0.0,0.0
1496,Keith Van Horn,1610612751,NJN,26.0,181,302,0.599,57.0,147.0,0.388,132,348,0.379,21.0,49.0,0.429,10.0,26.0,0.385,70,217,0.323,0.0,0.0,0.0
1509,Kelvin Cato,1610612745,HOU,27.0,169,253,0.668,7.0,32.0,0.219,14,40,0.35,0.0,0.0,0.0,0.0,0.0,0.0,0,1,0.0,0.0,0.0,0.0
383,Kendall Gill,1610612748,MIA,34.0,48,92,0.522,9.0,19.0,0.474,99,267,0.371,2.0,11.0,0.182,1.0,6.0,0.167,3,26,0.115,0.0,1.0,0.0
72,Kenny Anderson,1610612738,BOS,31.0,119,219,0.543,31.0,106.0,0.292,153,358,0.427,1.0,1.0,1.0,1.0,3.0,0.333,7,28,0.25,0.0,1.0,0.0
2261,Kenny Satterfield,1610612743,DEN,21.0,31,61,0.508,7.0,32.0,0.219,28,80,0.35,0.0,1.0,0.0,0.0,0.0,0.0,7,25,0.28,0.0,0.0,0.0
1903,Kenny Thomas,1610612745,HOU,24.0,222,353,0.629,58.0,147.0,0.395,116,313,0.371,0.0,4.0,0.0,0.0,0.0,0.0,0,11,0.0,0.0,1.0,0.0
2030,Kenyon Martin,1610612751,NJN,24.0,231,330,0.7,77.0,193.0,0.399,122,372,0.328,3.0,5.0,0.6,4.0,7.0,0.571,8,54,0.148,0.0,1.0,0.0
1721,Keon Clark,1610612761,TOR,27.0,215,346,0.621,54.0,128.0,0.422,111,296,0.375,0.0,1.0,0.0,0.0,1.0,0.0,0,1,0.0,0.0,2.0,0.0
954,Kerry Kittles,1610612751,NJN,28.0,182,295,0.617,24.0,71.0,0.338,135,333,0.405,5.0,17.0,0.294,2.0,5.0,0.4,90,216,0.417,0.0,3.0,0.0
708,Kevin Garnett,1610612750,MIN,26.0,198,308,0.643,132.0,309.0,0.427,292,668,0.437,0.0,2.0,0.0,0.0,1.0,0.0,37,111,0.333,0.0,2.0,0.0
1563,Kevin Ollie,1610612754,IND,29.0,67,136,0.493,12.0,46.0,0.261,57,169,0.337,1.0,1.0,1.0,0.0,1.0,0.0,0,0,0.0,0.0,0.0,0.0
788,Kevin Willis,1610612745,HOU,39.0,87,147,0.592,23.0,69.0,0.333,15,67,0.224,0.0,0.0,0.0,0.0,0.0,0.0,0,1,0.0,0.0,0.0,0.0
2039,Keyon Dooling,1610612746,LAC,22.0,5,10,0.5,4.0,13.0,0.308,9,20,0.45,1.0,2.0,0.5,0.0,1.0,0.0,3,11,0.273,0.0,0.0,0.0
2213,Kirk Haston,1610612766,CHH,23.0,1,6,0.167,1.0,6.0,0.167,9,24,0.375,0.0,0.0,0.0,0.0,1.0,0.0,0,2,0.0,,,
977,Kobe Bryant,1610612747,LAL,23.0,267,410,0.651,128.0,269.0,0.476,321,785,0.409,0.0,3.0,0.0,1.0,7.0,0.143,31,120,0.258,1.0,3.0,0.333
703,Kurt Thomas,1610612752,NYK,29.0,210,331,0.634,95.0,227.0,0.419,157,374,0.42,0.0,1.0,0.0,0.0,1.0,0.0,1,4,0.25,0.0,0.0,0.0
2198,Kwame Brown,1610612764,WAS,20.0,46,78,0.59,22.0,81.0,0.272,26,83,0.313,0.0,0.0,0.0,0.0,0.0,0.0,0,1,0.0,0.0,0.0,0.0
111,LaPhonso Ellis,1610612748,MIA,32.0,59,96,0.615,27.0,67.0,0.403,65,165,0.394,10.0,16.0,0.625,7.0,29.0,0.241,21,78,0.269,0.0,1.0,0.0
1885,Lamar Odom,1610612746,LAC,22.0,65,105,0.619,34.0,82.0,0.415,36,89,0.404,0.0,1.0,0.0,0.0,1.0,0.0,16,82,0.195,0.0,0.0,0.0
441,Lamond Murray,1610612739,CLE,29.0,113,211,0.536,51.0,117.0,0.436,166,421,0.394,22.0,50.0,0.44,21.0,34.0,0.618,56,150,0.373,0.0,2.0,0.0
1716,Larry Hughes,1610612744,GSW,23.0,180,281,0.641,49.0,154.0,0.318,96,282,0.34,3.0,9.0,0.333,0.0,2.0,0.0,15,80,0.188,0.0,2.0,0.0
1683,Larry Robinson,1610612752,NYK,34.0,0,0,0.0,0.0,1.0,0.0,0,1,0.0,1.0,1.0,1.0,,,,0,1,0.0,,,
84,Latrell Sprewell,1610612752,NYK,31.0,132,230,0.574,75.0,176.0,0.426,221,610,0.362,18.0,46.0,0.391,16.0,39.0,0.41,111,318,0.349,0.0,0.0,0.0
2068,Lavor Postell,1610612752,NYK,24.0,7,15,0.467,2.0,6.0,0.333,13,37,0.351,2.0,6.0,0.333,0.0,3.0,0.0,4,17,0.235,0.0,0.0,0.0
1444,Lawrence Funderburke,1610612758,SAC,31.0,72,104,0.692,9.0,32.0,0.281,34,106,0.321,0.0,0.0,0.0,0.0,0.0,0.0,0,3,0.0,0.0,0.0,0.0
1924,Lee Nailon,1610612766,CHH,27.0,142,222,0.64,71.0,162.0,0.438,155,378,0.41,1.0,1.0,1.0,0.0,0.0,0.0,0,1,0.0,0.0,0.0,0.0
1910,Leon Smith,1610612737,ATL,21.0,7,16,0.438,2.0,7.0,0.286,1,3,0.333,0.0,0.0,0.0,0.0,0.0,0.0,0,0,0.0,0.0,0.0,0.0
283,Lindsey Hunter,1610612747,LAL,31.0,33,60,0.55,10.0,43.0,0.233,65,178,0.365,12.0,21.0,0.571,11.0,31.0,0.355,56,157,0.357,0.0,0.0,0.0
2254,Loren Woods,1610612750,MIN,24.0,20,43,0.465,7.0,17.0,0.412,6,34,0.176,0.0,0.0,0.0,0.0,1.0,0.0,0,1,0.0,0.0,0.0,0.0
953,Lorenzen Wright,1610612763,MEM,26.0,125,220,0.568,45.0,125.0,0.36,53,139,0.381,0.0,0.0,0.0,0.0,0.0,0.0,0,2,0.0,0.0,0.0,0.0
446,Lucious Harris,1610612751,NJN,31.0,81,135,0.6,19.0,42.0,0.452,105,242,0.434,3.0,14.0,0.214,6.0,14.0,0.429,35,89,0.393,0.0,1.0,0.0
2124,Malik Allen,1610612748,MIA,24.0,7,12,0.583,6.0,10.0,0.6,9,28,0.321,0.0,0.0,0.0,0.0,0.0,0.0,0,1,0.0,0.0,0.0,0.0
990,Malik Rose,1610612759,SAS,27.0,166,283,0.587,28.0,73.0,0.384,98,265,0.37,0.0,0.0,0.0,1.0,4.0,0.25,0,7,0.0,0.0,1.0,0.0
2055,Mamadou N'diaye,1610612761,TOR,27.0,3,5,0.6,1.0,2.0,0.5,2,3,0.667,0.0,0.0,0.0,0.0,0.0,0.0,0,0,0.0,,,
1531,Marc Jackson,1610612750,MIN,27.0,26,49,0.531,9.0,38.0,0.237,25,76,0.329,0.0,0.0,0.0,0.0,0.0,0.0,0,1,0.0,0.0,0.0,0.0
948,Marcus Camby,1610612752,NYK,28.0,91,170,0.535,17.0,45.0,0.378,22,74,0.297,0.0,0.0,0.0,0.0,0.0,0.0,0,1,0.0,0.0,0.0,0.0
2033,Marcus Fizer,1610612741,CHI,23.0,164,311,0.527,48.0,126.0,0.381,152,370,0.411,1.0,5.0,0.2,1.0,4.0,0.25,5,30,0.167,0.0,2.0,0.0
1548,Mark Blount,1610612738,BOS,26.0,21,37,0.568,2.0,14.0,0.143,9,25,0.36,0.0,0.0,0.0,0.0,0.0,0.0,0,0,0.0,0.0,0.0,0.0
95,Mark Bryant,1610612759,SAS,37.0,12,21,0.571,4.0,8.0,0.5,9,26,0.346,0.0,0.0,0.0,0.0,0.0,0.0,0,0,0.0,0.0,0.0,0.0
349,Mark Jackson,1610612752,NYK,37.0,76,143,0.531,48.0,126.0,0.381,57,128,0.445,17.0,35.0,0.486,10.0,23.0,0.435,51,134,0.381,1.0,3.0,0.333
2058,Mark Madsen,1610612747,LAL,26.0,52,94,0.553,9.0,28.0,0.321,5,22,0.227,0.0,0.0,0.0,0.0,0.0,0.0,0,1,0.0,0.0,1.0,0.0
998,Mark Pope,1610612749,MIL,29.0,20,36,0.556,3.0,7.0,0.429,9,23,0.391,1.0,7.0,0.143,2.0,11.0,0.182,1,7,0.143,0.0,0.0,0.0
1110,Mark Strickland,1610612737,ATL,31.0,52,86,0.605,3.0,19.0,0.158,35,95,0.368,0.0,1.0,0.0,1.0,1.0,1.0,0,2,0.0,,,
2043,Mateen Cleaves,1610612758,SAC,24.0,15,24,0.625,4.0,10.0,0.4,9,26,0.346,0.0,1.0,0.0,0.0,0.0,0.0,2,7,0.286,,,
672,Matt Bullard,1610612766,CHH,35.0,6,12,0.5,3.0,5.0,0.6,14,41,0.341,0.0,4.0,0.0,1.0,1.0,1.0,15,52,0.288,0.0,0.0,0.0
761,Matt Geiger,1610612755,PHI,32.0,1,2,0.5,0.0,0.0,0.0,0,6,0.0,0.0,0.0,0.0,0.0,0.0,0.0,0,0,0.0,,,
1723,Matt Harpring,1610612755,PHI,26.0,191,307,0.622,39.0,105.0,0.371,135,358,0.377,8.0,25.0,0.32,4.0,17.0,0.235,9,26,0.346,0.0,0.0,0.0
2230,Maurice Evans,1610612750,MIN,23.0,7,9,0.778,1.0,4.0,0.25,1,3,0.333,0.0,1.0,0.0,0.0,0.0,0.0,0,2,0.0,0.0,0.0,0.0
2370,Mengke Bateer,1610612743,DEN,26.0,25,54,0.463,6.0,15.0,0.4,18,51,0.353,0.0,0.0,0.0,0.0,0.0,0.0,4,12,0.333,0.0,0.0,0.0
1897,Metta World Peace,1610612754,IND,22.0,100,188,0.532,32.0,76.0,0.421,84,202,0.416,3.0,17.0,0.176,2.0,19.0,0.105,48,134,0.358,0.0,0.0,0.0
2214,Michael Bradley,1610612761,TOR,23.0,9,14,0.643,0.0,2.0,0.0,4,7,0.571,0.0,0.0,0.0,0.0,0.0,0.0,0,1,0.0,0.0,1.0,0.0
688,Michael Curry,1610612765,DET,33.0,51,77,0.662,3.0,8.0,0.375,64,165,0.388,2.0,6.0,0.333,2.0,5.0,0.4,3,15,0.2,0.0,0.0,0.0
1722,Michael Dickerson,1610612763,MEM,27.0,2,8,0.25,0.0,1.0,0.0,5,18,0.278,2.0,3.0,0.667,0.0,2.0,0.0,6,16,0.375,,,
1720,Michael Doleac,1610612739,CLE,25.0,24,53,0.453,6.0,20.0,0.3,48,114,0.421,0.0,0.0,0.0,0.0,0.0,0.0,0,0,0.0,0.0,0.0,0.0
714,Michael Finley,1610612742,DAL,29.0,158,234,0.675,105.0,212.0,0.495,230,559,0.411,14.0,38.0,0.368,10.0,19.0,0.526,52,162,0.321,0.0,4.0,0.0
893,Michael Jordan,1610612764,WAS,39.0,104,181,0.575,64.0,187.0,0.342,373,903,0.413,0.0,1.0,0.0,1.0,1.0,1.0,9,51,0.176,0.0,0.0,0.0
1709,Michael Olowokandi,1610612746,LAC,27.0,109,181,0.602,195.0,405.0,0.481,80,300,0.267,0.0,0.0,0.0,0.0,0.0,0.0,0,0,0.0,0.0,0.0,0.0
2072,Michael Redd,1610612749,MIL,22.0,101,156,0.647,31.0,72.0,0.431,74,183,0.404,21.0,44.0,0.477,19.0,41.0,0.463,48,112,0.429,0.0,1.0,0.0
1913,Michael Ruffin,1610612755,PHI,25.0,7,20,0.35,0.0,5.0,0.0,0,1,0.0,0.0,0.0,0.0,0.0,0.0,0.0,0,0,0.0,0.0,0.0,0.0
1565,Michael Stewart,1610612761,TOR,27.0,6,16,0.375,1.0,4.0,0.25,1,3,0.333,0.0,0.0,0.0,0.0,0.0,0.0,0,0,0.0,0.0,0.0,0.0
1710,Mike Bibby,1610612758,SAC,24.0,120,189,0.635,33.0,84.0,0.393,242,573,0.422,8.0,22.0,0.364,5.0,17.0,0.294,38,100,0.38,0.0,0.0,0.0
2229,Mike James,1610612748,MIA,27.0,3,4,0.75,0.0,5.0,0.0,4,13,0.308,1.0,2.0,0.5,1.0,2.0,0.5,6,16,0.375,0.0,1.0,0.0
2034,Mike Miller,1610612753,ORL,22.0,139,216,0.644,23.0,68.0,0.338,73,215,0.34,7.0,15.0,0.467,16.0,30.0,0.533,93,258,0.36,0.0,0.0,0.0
2130,Mike Penberthy,1610612747,LAL,27.0,1,1,1.0,0.0,0.0,0.0,0,1,0.0,0.0,0.0,0.0,,,,0,0,0.0,,,
1630,Mikki Moore,1610612765,DET,26.0,16,27,0.593,2.0,7.0,0.286,10,25,0.4,1.0,1.0,1.0,0.0,0.0,0.0,0,1,0.0,,,
1960,Milt Palacio,1610612756,PHX,24.0,43,89,0.483,2.0,12.0,0.167,24,72,0.333,0.0,4.0,0.0,9.0,18.0,0.5,4,18,0.222,0.0,1.0,0.0
782,Mitch Richmond,1610612747,LAL,37.0,23,35,0.657,6.0,21.0,0.286,53,130,0.408,0.0,2.0,0.0,0.0,5.0,0.0,18,54,0.333,0.0,0.0,0.0
348,Mitchell Butler,1610612757,POR,31.0,7,13,0.538,1.0,3.0,0.333,1,4,0.25,0.0,2.0,0.0,1.0,1.0,1.0,0,0,0.0,0.0,0.0,0.0
42,Monty Williams,1610612753,ORL,30.0,173,282,0.613,14.0,38.0,0.368,11,38,0.289,0.0,1.0,0.0,0.0,0.0,0.0,0,3,0.0,0.0,0.0,0.0
983,Moochie Norris,1610612745,HOU,28.0,82,155,0.529,28.0,66.0,0.424,105,277,0.379,4.0,16.0,0.25,6.0,16.0,0.375,26,97,0.268,0.0,4.0,0.0
302,Mookie Blaylock,1610612744,GSW,35.0,12,23,0.522,1.0,9.0,0.111,22,72,0.306,2.0,6.0,0.333,2.0,7.0,0.286,11,28,0.393,0.0,1.0,0.0
2050,Morris Peterson,1610612761,TOR,24.0,128,219,0.584,27.0,70.0,0.386,97,248,0.391,19.0,40.0,0.475,10.0,30.0,0.333,55,158,0.348,0.0,3.0,0.0
1737,Nazr Mohammed,1610612737,ATL,24.0,205,356,0.576,47.0,144.0,0.326,77,212,0.363,0.0,0.0,0.0,0.0,0.0,0.0,0,0,0.0,0.0,1.0,0.0
98,Nick Anderson,1610612763,MEM,34.0,3,6,0.5,1.0,3.0,0.333,5,20,0.25,2.0,4.0,0.5,0.0,5.0,0.0,10,37,0.27,0.0,1.0,0.0
89,Nick Van Exel,1610612742,DAL,30.0,105,196,0.536,126.0,287.0,0.439,151,392,0.385,7.0,25.0,0.28,10.0,28.0,0.357,102,294,0.347,0.0,4.0,0.0
2369,Norman Richardson,1610612741,CHI,24.0,4,9,0.444,0.0,2.0,0.0,2,7,0.286,1.0,3.0,0.333,2.0,4.0,0.5,1,1,1.0,,,
1918,Obinna Ekezie,1610612746,LAC,26.0,5,13,0.385,3.0,9.0,0.333,5,17,0.294,0.0,0.0,0.0,0.0,0.0,0.0,0,0,0.0,,,
2071,Olumide Oyedeji,1610612760,SEA,21.0,17,32,0.531,5.0,8.0,0.625,0,1,0.0,0.0,0.0,0.0,0.0,0.0,0.0,0,0,0.0,0.0,0.0,0.0
2351,Oscar Torres,1610612745,HOU,25.0,44,78,0.564,12.0,30.0,0.4,42,107,0.393,4.0,16.0,0.25,4.0,14.0,0.286,29,94,0.309,0.0,2.0,0.0
970,Othella Harrington,1610612752,NYK,28.0,114,183,0.623,74.0,141.0,0.525,49,124,0.395,0.0,0.0,0.0,0.0,1.0,0.0,0,1,0.0,0.0,0.0,0.0
136,P.J. Brown,1610612766,CHH,32.0,127,230,0.552,22.0,64.0,0.344,101,233,0.433,0.0,0.0,0.0,0.0,0.0,0.0,0,0,0.0,0.0,0.0,0.0
1727,Pat Garrity,1610612753,ORL,25.0,19,38,0.5,12.0,30.0,0.4,127,305,0.416,15.0,36.0,0.417,19.0,48.0,0.396,134,309,0.434,0.0,0.0,0.0
121,Patrick Ewing,1610612753,ORL,39.0,73,120,0.608,30.0,88.0,0.341,45,124,0.363,0.0,1.0,0.0,0.0,0.0,0.0,0,0,0.0,0.0,0.0,0.0
2200,Pau Gasol,1610612763,MEM,21.0,369,543,0.68,114.0,309.0,0.369,67,207,0.324,0.0,0.0,0.0,0.0,0.0,0.0,1,5,0.2,0.0,0.0,0.0
1718,Paul Pierce,1610612738,BOS,24.0,255,437,0.584,35.0,110.0,0.318,208,532,0.391,4.0,22.0,0.182,15.0,40.0,0.375,189,451,0.419,1.0,6.0,0.167
978,Peja Stojakovic,1610612758,SAC,25.0,184,279,0.659,51.0,121.0,0.421,183,421,0.435,16.0,42.0,0.381,25.0,47.0,0.532,88,217,0.406,0.0,3.0,0.0
461,Popeye Jones,1610612764,WAS,32.0,81,153,0.529,49.0,122.0,0.402,88,222,0.396,1.0,1.0,1.0,2.0,3.0,0.667,1,5,0.2,0.0,2.0,0.0
1542,Predrag Drobnjak,1610612760,SEA,26.0,64,113,0.566,21.0,54.0,0.389,106,245,0.433,0.0,0.0,0.0,0.0,0.0,0.0,0,2,0.0,0.0,0.0,0.0
2056,Primoz Brezec,1610612754,IND,22.0,9,17,0.529,2.0,5.0,0.4,3,7,0.429,0.0,0.0,0.0,0.0,0.0,0.0,0,0,0.0,,,
2047,Quentin Richardson,1610612746,LAC,22.0,182,286,0.636,38.0,118.0,0.322,48,174,0.276,4.0,8.0,0.5,11.0,23.0,0.478,118,315,0.375,0.0,3.0,0.0
1900,Quincy Lewis,1610612762,UTA,25.0,30,39,0.769,6.0,16.0,0.375,25,70,0.357,2.0,5.0,0.4,0.0,3.0,0.0,1,10,0.1,0.0,0.0,0.0
1711,Raef LaFrentz,1610612742,DAL,26.0,215,338,0.636,27.0,89.0,0.303,75,225,0.333,8.0,16.0,0.5,23.0,51.0,0.451,73,201,0.363,0.0,0.0,0.0
1747,Rafer Alston,1610612749,MIL,25.0,20,46,0.435,2.0,8.0,0.25,17,66,0.258,8.0,20.0,0.4,3.0,4.0,0.75,16,47,0.34,0.0,0.0,0.0
1952,Raja Bell,1610612755,PHI,25.0,38,64,0.594,14.0,30.0,0.467,39,102,0.382,1.0,10.0,0.1,5.0,10.0,0.5,6,24,0.25,0.0,0.0,0.0
753,Randy Brown,1610612738,BOS,34.0,0,1,0.0,,,,0,0,0.0,0.0,0.0,0.0,,,,0,0,0.0,,,
988,Randy Livingston,1610612760,SEA,27.0,6,21,0.286,4.0,9.0,0.444,4,16,0.25,1.0,2.0,0.5,0.0,0.0,0.0,0,5,0.0,0.0,1.0,0.0
1740,Rashard Lewis,1610612760,SEA,22.0,131,197,0.665,83.0,182.0,0.456,118,277,0.426,27.0,72.0,0.375,21.0,57.0,0.368,75,186,0.403,0.0,1.0,0.0
739,Rasheed Wallace,1610612757,POR,27.0,188,269,0.699,103.0,215.0,0.479,200,488,0.41,5.0,20.0,0.25,10.0,35.0,0.286,97,258,0.376,0.0,2.0,0.0
1725,Rasho Nesterovic,1610612750,MIN,26.0,158,237,0.667,92.0,215.0,0.428,74,204,0.363,0.0,0.0,0.0,0.0,0.0,0.0,0,0,0.0,0.0,1.0,0.0
2237,Ratko Varda,1610612765,DET,23.0,2,2,1.0,0.0,0.0,0.0,0,1,0.0,,,,,,,0,0,0.0,,,
951,Ray Allen,1610612749,MIL,26.0,107,197,0.543,58.0,118.0,0.492,136,306,0.444,35.0,72.0,0.486,26.0,66.0,0.394,168,381,0.441,0.0,8.0,0.0
397,Reggie Miller,1610612754,IND,36.0,79,103,0.767,17.0,36.0,0.472,138,331,0.417,41.0,87.0,0.471,18.0,42.0,0.429,121,310,0.39,0.0,4.0,0.0
1073,Reggie Slater,1610612737,ATL,31.0,6,10,0.6,1.0,3.0,0.333,0,2,0.0,0.0,0.0,0.0,0.0,0.0,0.0,0,0,0.0,,,
1888,Richard Hamilton,1610612764,WAS,24.0,127,219,0.58,118.0,275.0,0.429,211,548,0.385,2.0,4.0,0.5,2.0,3.0,0.667,12,34,0.353,0.0,0.0,0.0
2210,Richard Jefferson,1610612751,NJN,22.0,146,251,0.582,24.0,56.0,0.429,87,228,0.382,2.0,9.0,0.222,5.0,16.0,0.313,6,31,0.194,0.0,0.0,0.0
1594,Rick Brunson,1610612757,POR,30.0,21,39,0.538,2.0,9.0,0.222,16,53,0.302,4.0,4.0,1.0,1.0,1.0,1.0,1,5,0.2,0.0,1.0,0.0
296,Rick Fox,1610612747,LAL,32.0,91,133,0.684,23.0,51.0,0.451,76,213,0.357,12.0,29.0,0.414,7.0,24.0,0.292,46,153,0.301,0.0,2.0,0.0
1729,Ricky Davis,1610612739,CLE,22.0,170,255,0.667,27.0,74.0,0.365,168,417,0.403,1.0,5.0,0.2,0.0,2.0,0.0,10,26,0.385,0.0,2.0,0.0
109,Robert Horry,1610612747,LAL,31.0,54,95,0.568,13.0,40.0,0.325,39,121,0.322,15.0,40.0,0.375,14.0,36.0,0.389,48,128,0.375,0.0,0.0,0.0
123,Robert Pack,1610612750,MIN,33.0,15,25,0.6,2.0,10.0,0.2,7,29,0.241,0.0,0.0,0.0,0.0,0.0,0.0,1,3,0.333,0.0,1.0,0.0
1714,Robert Traylor,1610612766,CHH,25.0,68,128,0.531,10.0,40.0,0.25,8,35,0.229,0.0,0.0,0.0,0.0,0.0,0.0,1,1,1.0,0.0,0.0,0.0
393,Rod Strickland,1610612748,MIA,35.0,123,194,0.634,49.0,122.0,0.402,136,372,0.366,0.0,1.0,0.0,2.0,3.0,0.667,5,20,0.25,1.0,2.0,0.5
1934,Rodney Buford,1610612763,MEM,24.0,82,133,0.617,39.0,104.0,0.375,120,286,0.42,1.0,6.0,0.167,2.0,9.0,0.222,14,54,0.259,0.0,1.0,0.0
915,Rodney Rogers,1610612738,BOS,31.0,146,255,0.573,30.0,74.0,0.405,92,192,0.479,9.0,19.0,0.474,11.0,32.0,0.344,68,184,0.37,0.0,0.0,0.0
2206,Rodney White,1610612765,DET,22.0,8,14,0.571,4.0,11.0,0.364,7,26,0.269,0.0,2.0,0.0,0.0,1.0,0.0,2,6,0.333,,,
1500,Ron Mercer,1610612754,IND,26.0,65,141,0.461,24.0,67.0,0.358,204,514,0.397,2.0,8.0,0.25,0.0,2.0,0.0,16,52,0.308,0.0,0.0,0.0
2257,Ruben Boumtje-Boumtje,1610612757,POR,24.0,13,23,0.565,0.0,7.0,0.0,0,2,0.0,0.0,0.0,0.0,0.0,0.0,0.0,0,0,0.0,0.0,0.0,0.0
1739,Ruben Patterson,1610612757,POR,26.0,265,407,0.651,18.0,70.0,0.257,27,107,0.252,0.0,3.0,0.0,1.0,3.0,0.333,8,28,0.286,0.0,1.0,0.0
1601,Rusty LaRue,1610612762,UTA,28.0,12,38,0.316,4.0,7.0,0.571,40,91,0.44,0.0,0.0,0.0,0.0,4.0,0.0,17,44,0.386,0.0,1.0,0.0
1763,Ryan Bowen,1610612743,DEN,26.0,120,199,0.603,5.0,19.0,0.263,21,77,0.273,0.0,4.0,0.0,0.0,0.0,0.0,1,5,0.2,0.0,3.0,0.0
208,Sam Cassell,1610612749,MIL,32.0,68,119,0.571,67.0,133.0,0.504,349,742,0.47,20.0,38.0,0.526,0.0,6.0,0.0,50,156,0.321,0.0,3.0,0.0
694,Sam Mack,1610612748,MIA,32.0,4,5,0.8,1.0,3.0,0.333,2,13,0.154,1.0,7.0,0.143,1.0,5.0,0.2,5,16,0.313,0.0,0.0,0.0
417,Sam Mitchell,1610612750,MIN,38.0,13,26,0.5,14.0,30.0,0.467,61,136,0.449,1.0,6.0,0.167,1.0,4.0,0.25,8,25,0.32,0.0,0.0,0.0
955,Samaki Walker,1610612747,LAL,26.0,97,149,0.651,49.0,110.0,0.445,41,106,0.387,0.0,0.0,0.0,0.0,0.0,0.0,0,0,0.0,0.0,0.0,0.0
2223,Samuel Dalembert,1610612755,PHI,22.0,19,36,0.528,1.0,7.0,0.143,2,7,0.286,0.0,0.0,0.0,0.0,0.0,0.0,0,0,0.0,0.0,0.0,0.0
1513,Scot Pollard,1610612758,SAC,27.0,154,253,0.609,32.0,72.0,0.444,11,33,0.333,0.0,0.0,0.0,0.0,0.0,0.0,0,0,0.0,0.0,0.0,0.0
1909,Scott Padgett,1610612762,UTA,26.0,96,171,0.561,9.0,32.0,0.281,35,80,0.438,5.0,6.0,0.833,3.0,7.0,0.429,40,99,0.404,0.0,0.0,0.0
281,Scott Williams,1610612743,DEN,34.0,41,68,0.603,10.0,36.0,0.278,35,111,0.315,0.0,0.0,0.0,0.0,0.0,0.0,0,0,0.0,0.0,2.0,0.0
937,Scottie Pippen,1610612757,POR,36.0,90,158,0.57,18.0,55.0,0.327,85,210,0.405,7.0,23.0,0.304,8.0,22.0,0.364,38,130,0.292,0.0,1.0,0.0
1752,Sean Marks,1610612748,MIA,26.0,22,34,0.647,3.0,11.0,0.273,13,43,0.302,0.0,0.0,0.0,0.0,0.0,0.0,0,0,0.0,,,
399,Sean Rooks,1610612746,LAC,32.0,11,24,0.458,8.0,19.0,0.421,62,151,0.411,0.0,0.0,0.0,0.0,0.0,0.0,0,0,0.0,0.0,0.0,0.0
1742,Shammond Williams,1610612760,SEA,27.0,16,25,0.64,12.0,23.0,0.522,25,70,0.357,0.0,6.0,0.0,0.0,5.0,0.0,28,63,0.444,0.0,1.0,0.0
1000,Shandon Anderson,1610612752,NYK,28.0,77,140,0.55,14.0,32.0,0.438,19,60,0.317,10.0,38.0,0.263,23.0,64.0,0.359,6,39,0.154,0.0,0.0,0.0
2203,Shane Battier,1610612763,MEM,23.0,139,251,0.554,39.0,109.0,0.358,131,327,0.401,29.0,67.0,0.433,12.0,43.0,0.279,62,162,0.383,0.0,2.0,0.0
406,Shaquille O'Neal,1610612747,LAL,30.0,487,662,0.736,187.0,434.0,0.431,38,132,0.288,0.0,0.0,0.0,0.0,0.0,0.0,0,1,0.0,0.0,0.0,0.0
949,Shareef Abdur-Rahim,1610612737,ATL,25.0,271,472,0.574,134.0,304.0,0.441,172,451,0.381,6.0,16.0,0.375,1.0,7.0,0.143,14,46,0.304,0.0,1.0,0.0
762,Shawn Bradley,1610612742,DAL,30.0,51,83,0.614,8.0,22.0,0.364,19,57,0.333,0.0,0.0,0.0,0.0,1.0,0.0,0,0,0.0,0.0,0.0,0.0
431,Shawn Kemp,1610612757,POR,32.0,89,176,0.506,8.0,26.0,0.308,78,201,0.388,0.0,1.0,0.0,0.0,0.0,0.0,0,3,0.0,0.0,0.0,0.0
1890,Shawn Marion,1610612756,PHX,24.0,210,320,0.656,104.0,248.0,0.419,292,705,0.414,8.0,22.0,0.364,14.0,28.0,0.5,26,70,0.371,0.0,2.0,0.0
1035,Shawnelle Scott,1610612743,DEN,30.0,33,60,0.55,3.0,10.0,0.3,1,5,0.2,0.0,0.0,0.0,0.0,0.0,0.0,0,0,0.0,0.0,0.0,0.0
2098,Slava Medvedenko,1610612747,LAL,23.0,70,123,0.569,32.0,65.0,0.492,43,112,0.384,0.0,0.0,0.0,0.0,0.0,0.0,0,3,0.0,0.0,1.0,0.0
2049,Speedy Claxton,1610612755,PHI,24.0,91,173,0.526,12.0,53.0,0.226,74,193,0.383,2.0,7.0,0.286,0.0,5.0,0.0,2,20,0.1,0.0,1.0,0.0
278,Stacey Augmon,1610612766,CHH,33.0,53,98,0.541,23.0,58.0,0.397,65,170,0.382,0.0,1.0,0.0,0.0,0.0,0.0,0,1,0.0,0.0,1.0,0.0
1536,Stephen Jackson,1610612759,SAS,24.0,10,21,0.476,3.0,4.0,0.75,12,30,0.4,2.0,4.0,0.5,1.0,3.0,0.333,6,28,0.214,0.0,1.0,0.0
950,Stephon Marbury,1610612756,PHX,25.0,314,561,0.56,60.0,163.0,0.368,180,442,0.407,2.0,6.0,0.333,2.0,9.0,0.222,67,229,0.293,0.0,3.0,0.0
1883,Steve Francis,1610612745,HOU,25.0,178,347,0.513,33.0,89.0,0.371,141,361,0.391,9.0,25.0,0.36,1.0,13.0,0.077,58,166,0.349,0.0,6.0,0.0
1864,Steve Goodrich,1610612751,NJN,26.0,1,4,0.25,0.0,2.0,0.0,1,4,0.25,0.0,0.0,0.0,0.0,0.0,0.0,0,0,0.0,,,
70,Steve Kerr,1610612757,POR,36.0,6,12,0.5,13.0,24.0,0.542,57,115,0.496,2.0,7.0,0.286,3.0,5.0,0.6,21,54,0.389,0.0,0.0,0.0
959,Steve Nash,1610612742,DAL,28.0,151,249,0.606,62.0,146.0,0.425,156,351,0.444,7.0,17.0,0.412,12.0,28.0,0.429,137,297,0.461,0.0,0.0,0.0
2212,Steven Hunter,1610612753,ORL,20.0,55,90,0.611,6.0,31.0,0.194,6,26,0.231,0.0,0.0,0.0,0.0,0.0,0.0,0,0,0.0,0.0,0.0,0.0
120,Steven Smith,1610612759,SAS,33.0,96,148,0.649,24.0,69.0,0.348,74,219,0.338,35.0,72.0,0.486,31.0,49.0,0.633,50,123,0.407,0.0,2.0,0.0
2031,Stromile Swift,1610612763,MEM,22.0,195,318,0.613,56.0,160.0,0.35,42,130,0.323,0.0,0.0,0.0,0.0,0.0,0.0,0,3,0.0,0.0,0.0,0.0
2347,Tang Hamilton,1610612748,MIA,24.0,7,7,1.0,0.0,1.0,0.0,3,10,0.3,0.0,0.0,0.0,0.0,0.0,0.0,0,1,0.0,,,
1505,Tariq Abdul-Wahad,1610612742,DAL,27.0,33,59,0.559,13.0,33.0,0.394,8,53,0.151,0.0,0.0,0.0,0.0,0.0,0.0,1,2,0.5,0.0,0.0,0.0
2242,Terence Morris,1610612745,HOU,23.0,54,90,0.6,9.0,25.0,0.36,33,96,0.344,3.0,22.0,0.136,3.0,14.0,0.214,9,42,0.214,0.0,0.0,0.0
210,Terrell Brandon,1610612750,MIN,32.0,43,79,0.544,14.0,40.0,0.35,94,224,0.42,0.0,1.0,0.0,1.0,1.0,1.0,3,20,0.15,0.0,0.0,0.0
345,Terry Porter,1610612759,SAS,39.0,28,54,0.519,9.0,18.0,0.5,40,107,0.374,7.0,14.0,0.5,12.0,26.0,0.462,39,101,0.386,0.0,0.0,0.0
689,Theo Ratliff,1610612737,ATL,29.0,4,6,0.667,4.0,8.0,0.5,2,6,0.333,0.0,0.0,0.0,0.0,0.0,0.0,0,0,0.0,,,
2357,Tierre Brown,1610612745,HOU,23.0,21,41,0.512,7.0,14.0,0.5,17,48,0.354,0.0,0.0,0.0,0.0,1.0,0.0,4,11,0.364,0.0,0.0,0.0
1495,Tim Duncan,1610612759,SAS,26.0,363,525,0.691,176.0,413.0,0.426,224,556,0.403,1.0,1.0,1.0,0.0,0.0,0.0,0,9,0.0,0.0,0.0,0.0
896,Tim Hardaway,1610612743,DEN,35.0,30,79,0.38,10.0,23.0,0.435,64,166,0.386,11.0,23.0,0.478,9.0,20.0,0.45,102,307,0.332,0.0,2.0,0.0
1906,Tim James,1610612755,PHI,25.0,4,6,0.667,0.0,1.0,0.0,1,6,0.167,0.0,0.0,0.0,0.0,0.0,0.0,0,0,0.0,0.0,0.0,0.0
1501,Tim Thomas,1610612749,MIL,25.0,128,208,0.615,25.0,70.0,0.357,68,184,0.37,10.0,38.0,0.263,18.0,44.0,0.409,67,207,0.324,0.0,1.0,0.0
1928,Todd MacCulloch,1610612751,NJN,26.0,187,306,0.611,47.0,109.0,0.431,13,50,0.26,0.0,0.0,0.0,0.0,0.0,0.0,0,0,0.0,0.0,0.0,0.0
339,Tom Gugliotta,1610612756,PHX,32.0,33,57,0.579,10.0,27.0,0.37,81,208,0.389,0.0,2.0,0.0,0.0,1.0,0.0,3,5,0.6,0.0,1.0,0.0
389,Toni Kukoc,1610612737,ATL,33.0,108,166,0.651,19.0,61.0,0.311,31,106,0.292,6.0,19.0,0.316,7.0,29.0,0.241,40,122,0.328,0.0,1.0,0.0
1499,Tony Battie,1610612738,BOS,26.0,136,187,0.727,17.0,53.0,0.321,58,148,0.392,0.0,0.0,0.0,0.0,0.0,0.0,0,1,0.0,0.0,1.0,0.0
960,Tony Delk,1610612738,BOS,28.0,72,129,0.558,15.0,41.0,0.366,72,204,0.353,7.0,18.0,0.389,9.0,29.0,0.31,51,167,0.305,0.0,0.0,0.0
763,Tony Massenburg,1610612763,MEM,34.0,92,154,0.597,38.0,102.0,0.373,28,92,0.304,0.0,0.0,0.0,0.0,0.0,0.0,1,1,1.0,0.0,0.0,0.0
2225,Tony Parker,1610612759,SAS,20.0,139,247,0.563,11.0,50.0,0.22,57,155,0.368,4.0,13.0,0.308,7.0,16.0,0.438,50,157,0.318,0.0,1.0,0.0
1503,Tracy McGrady,1610612753,ORL,23.0,308,506,0.609,75.0,185.0,0.405,229,612,0.374,5.0,15.0,0.333,3.0,6.0,0.5,95,256,0.371,0.0,6.0,0.0
145,Tracy Murray,1610612761,TOR,30.0,17,31,0.548,7.0,23.0,0.304,21,50,0.42,7.0,14.0,0.5,13.0,23.0,0.565,20,66,0.303,0.0,0.0,0.0
1892,Trajan Langdon,1610612739,CLE,26.0,15,26,0.577,7.0,15.0,0.467,21,61,0.344,1.0,5.0,0.2,1.0,3.0,0.333,25,65,0.385,0.0,1.0,0.0
696,Travis Best,1610612741,CHI,29.0,88,143,0.615,14.0,43.0,0.326,105,272,0.386,1.0,1.0,1.0,2.0,3.0,0.667,18,55,0.327,0.0,0.0,0.0
969,Travis Knight,1610612752,NYK,27.0,19,37,0.514,1.0,1.0,1.0,21,75,0.28,0.0,0.0,0.0,0.0,0.0,0.0,0,0,0.0,0.0,0.0,0.0
1762,Tremaine Fowlkes,1610612746,LAC,26.0,16,28,0.571,2.0,9.0,0.222,7,27,0.259,0.0,0.0,0.0,0.0,0.0,0.0,0,0,0.0,,,
2239,Trenton Hassell,1610612741,CHI,23.0,92,152,0.605,16.0,41.0,0.39,99,271,0.365,6.0,24.0,0.25,3.0,10.0,0.3,51,127,0.402,0.0,3.0,0.0
1607,Troy Hudson,1610612753,ORL,26.0,130,244,0.533,33.0,76.0,0.434,126,311,0.405,2.0,9.0,0.222,5.0,8.0,0.625,58,167,0.347,0.0,0.0,0.0
2211,Troy Murphy,1610612744,GSW,22.0,56,97,0.577,19.0,51.0,0.373,100,266,0.376,2.0,2.0,1.0,0.0,1.0,0.0,1,5,0.2,0.0,1.0,0.0
238,Tyrone Hill,1610612739,CLE,34.0,45,113,0.398,11.0,31.0,0.355,15,37,0.405,0.0,0.0,0.0,0.0,0.0,0.0,0,1,0.0,0.0,0.0,0.0
1838,Tyrone Nesby,1610612764,WAS,26.0,79,129,0.612,17.0,41.0,0.415,74,204,0.363,1.0,5.0,0.2,5.0,9.0,0.556,7,33,0.212,0.0,0.0,0.0
1731,Tyronn Lue,1610612764,WAS,25.0,50,90,0.556,25.0,85.0,0.294,84,204,0.412,5.0,9.0,0.556,4.0,6.0,0.667,54,126,0.429,0.0,0.0,0.0
2199,Tyson Chandler,1610612741,CHI,19.0,117,205,0.571,13.0,43.0,0.302,21,56,0.375,0.0,0.0,0.0,0.0,0.0,0.0,0,0,0.0,0.0,0.0,0.0
2349,Victor Alexander,1610612765,DET,32.0,6,6,1.0,2.0,2.0,1.0,10,41,0.244,0.0,1.0,0.0,0.0,1.0,0.0,0,0,0.0,,,
452,Vin Baker,1610612760,SEA,30.0,186,304,0.612,66.0,164.0,0.402,62,173,0.358,0.0,1.0,0.0,1.0,1.0,1.0,0,3,0.0,0.0,3.0,0.0
1713,Vince Carter,1610612761,TOR,25.0,162,289,0.561,75.0,175.0,0.429,201,531,0.379,16.0,37.0,0.432,8.0,19.0,0.421,97,255,0.38,0.0,1.0,0.0
219,Vinny Del Negro,1610612756,PHX,35.0,0,0,0.0,0.0,1.0,0.0,1,3,0.333,0.0,0.0,0.0,,,,0,0,0.0,0.0,0.0,0.0
958,Vitaly Potapenko,1610612738,BOS,27.0,73,141,0.518,26.0,56.0,0.464,38,104,0.365,0.0,0.0,0.0,0.0,0.0,0.0,0,0,0.0,0.0,0.0,0.0
124,Vlade Divac,1610612758,SAC,34.0,198,354,0.559,73.0,172.0,0.424,64,177,0.362,0.0,2.0,0.0,0.0,1.0,0.0,3,10,0.3,0.0,0.0,0.0
2209,Vladimir Radmanovic,1610612760,SEA,21.0,41,78,0.526,9.0,35.0,0.257,30,85,0.353,6.0,14.0,0.429,13.0,26.0,0.5,47,116,0.405,0.0,0.0,0.0
1735,Vladimir Stepania,1610612748,MIA,26.0,71,112,0.634,20.0,54.0,0.37,25,81,0.309,1.0,1.0,1.0,0.0,0.0,0.0,0,1,0.0,0.0,0.0,0.0
1907,Vonteego Cummings,1610612755,PHI,26.0,23,41,0.561,14.0,27.0,0.519,29,73,0.397,3.0,7.0,0.429,1.0,3.0,0.333,8,36,0.222,0.0,0.0,0.0
702,Voshon Lenard,1610612743,DEN,29.0,74,120,0.617,26.0,86.0,0.302,126,323,0.39,19.0,52.0,0.365,20.0,49.0,0.408,50,139,0.36,0.0,0.0,0.0
1887,Wally Szczerbiak,1610612750,MIN,25.0,180,264,0.682,103.0,224.0,0.46,241,523,0.461,17.0,32.0,0.531,15.0,29.0,0.517,53,127,0.417,0.0,1.0,0.0
1005,Walt Williams,1610612745,HOU,32.0,47,92,0.511,6.0,23.0,0.261,36,99,0.364,18.0,40.0,0.45,10.0,21.0,0.476,49,121,0.405,0.0,0.0,0.0
962,Walter McCarty,1610612738,BOS,28.0,26,32,0.813,4.0,12.0,0.333,11,37,0.297,11.0,22.0,0.5,11.0,25.0,0.44,17,50,0.34,0.0,2.0,0.0
1917,Wang Zhi-zhi,1610612742,DAL,24.0,30,50,0.6,11.0,27.0,0.407,20,55,0.364,5.0,6.0,0.833,0.0,2.0,0.0,43,108,0.398,0.0,0.0,0.0
445,Wesley Person,1610612739,CLE,31.0,84,118,0.712,33.0,89.0,0.371,207,414,0.5,28.0,61.0,0.459,16.0,34.0,0.471,99,228,0.434,0.0,0.0,0.0
2226,Will Solomon,1610612763,MEM,23.0,26,46,0.565,7.0,33.0,0.212,34,90,0.378,6.0,18.0,0.333,7.0,19.0,0.368,33,123,0.268,0.0,2.0,0.0
1895,William Avery,1610612750,MIN,22.0,12,21,0.571,2.0,5.0,0.4,6,29,0.207,0.0,2.0,0.0,1.0,2.0,0.5,5,30,0.167,0.0,1.0,0.0
2216,Zach Randolph,1610612757,POR,20.0,31,47,0.66,10.0,36.0,0.278,7,24,0.292,0.0,0.0,0.0,0.0,0.0,0.0,0,0,0.0,,,
1442,Zeljko Rebraca,1610612765,DET,30.0,90,128,0.703,53.0,120.0,0.442,46,126,0.365,0.0,0.0,0.0,0.0,0.0,0.0,0,0,0.0,0.0,0.0,0.0
1985,Zendon Hamilton,1610612743,DEN,27.0,80,157,0.51,7.0,33.0,0.212,16,55,0.291,0.0,0.0,0.0,0.0,0.0,0.0,0,0,0.0,0.0,0.0,0.0
980,Zydrunas Ilgauskas,1610612739,CLE,27.0,114,220,0.518,47.0,128.0,0.367,80,214,0.374,0.0,0.0,0.0,0.0,0.0,0.0,0,5,0.0,0.0,0.0,0.0
